"name","doi"
"Fiches incertitudes des modèles hydrologiques de surface du projet Explore2 : A Rhin","doi:10.57745/L4MAXS"
"Fiches incertitudes des modèles hydrologiques de surface du projet Explore2 : L Loire","doi:10.57745/CYJIIA"
"Fiches incertitudes des modèles hydrologiques de surface du projet Explore2 : P Dordogne","doi:10.57745/R97ZPS"
"Fiches incertitudes des modèles hydrologiques de surface du projet Explore2 : B Meuse","doi:10.57745/MYXHHJ"
"Fiches incertitudes des modèles hydrologiques de surface du projet Explore2 : R Charente","doi:10.57745/XISERD"
"Fiches incertitudes des modèles hydrologiques de surface du projet Explore2 : W Isère","doi:10.57745/IYU0MR"
"Fiches incertitudes des modèles hydrologiques de surface du projet Explore2 : O Garonne","doi:10.57745/G9GFIO"
"Fiches incertitudes des modèles hydrologiques de surface du projet Explore2 : M Loire","doi:10.57745/DADFRX"
"Fiches incertitudes des modèles hydrologiques de surface du projet Explore2 : K Loire","doi:10.57745/FQF2MF"
"Fiches incertitudes des modèles hydrologiques de surface du projet Explore2 : V Rhône","doi:10.57745/NQSGPL"
"Fiches incertitudes des modèles hydrologiques de surface du projet Explore2 : J Bretagne","doi:10.57745/EZK9CK"
"Fiches incertitudes des modèles hydrologiques de surface du projet Explore2 : U Saône","doi:10.57745/SWFOZG"
"Fiches incertitudes des modèles hydrologiques de surface du projet Explore2 : Q Adour","doi:10.57745/JEY53I"
"Fiches incertitudes des modèles hydrologiques de surface du projet Explore2 : X Durance","doi:10.57745/RCSPZA"
"Fiches incertitudes des modèles hydrologiques de surface du projet Explore2 : D Affluents du Rhin","doi:10.57745/NBIJEH"
"Fiches incertitudes des modèles hydrologiques de surface du projet Explore2 : F et H Seine","doi:10.57745/INHDPU"
"Fiches incertitudes des modèles hydrologiques de surface du projet Explore2 : G Fleuves côtiers haut normands","doi:10.57745/057IQD"
"Fiches incertitudes des modèles hydrologiques de surface du projet Explore2 : I Fleuves côtiers bas normands","doi:10.57745/TMDBVG"
"Fiches incertitudes des modèles hydrologiques de surface du projet Explore2 : S Fleuves côtiers de l'Adour-Garonne","doi:10.57745/7D2ZB9"
"Fiches incertitudes des modèles hydrologiques de surface du projet Explore2 : E Fleuves côtiers de l'Artois-Picardie","doi:10.57745/FO96MU"
"Fiches incertitudes des modèles hydrologiques de surface du projet Explore2 : Y Fleuves côtiers du Rhône-Méditérannée et Corse","doi:10.57745/A9E3UX"
"Fiches incertitudes des modèles hydrologiques de surface du projet Explore2 : N Fleuves côtiers au sud de la Loire","doi:10.57745/BFKNWV"
